,Número Voltas,Turno,Tempo Médio de Resposta
0,1,0,7.761904761904762
1,1,1,8.767441860465116
2,1,2,6.375
3,2,0,7.868421052631579
4,2,1,9.0
5,2,2,10.222222222222221
6,3,0,7.3076923076923075
7,3,1,9.391304347826088
8,3,2,8.666666666666666
9,4,0,6.5
10,4,1,8.5
11,4,2,10.125
