,Número Voltas,Turno,Tempo Médio de Resposta
0,2,0,9.890381983327112
1,2,1,10.51496989295272
2,2,2,8.892518440463647
3,3,0,9.564326952294136
4,3,1,9.874170403587444
5,3,2,10.08041329739443
