,voltas,turno,n_medio_simulacoes
0,2,0,4.79325
1,2,1,5.16325
2,2,2,1.0615
3,3,0,4.84675
4,3,1,5.16575
5,3,2,1.0775
