,Número Voltas,Turno,Tempo Médio de Resposta
0,2,0,7.878048780487805
1,2,1,7.92
2,2,2,9.615384615384615
3,3,0,6.709090909090909
4,3,1,6.909090909090909
5,3,2,8.76923076923077
